{"roads": [{"endIntersection": "inter_15059", "id": "road_1162_15059", "startIntersection": "inter_1162", "points": [{"x": -546.4847999997437, "y": 314.60524094849825}, {"x": -271.53599999984726, "y": 163.5942808482796}], "lanes": [{"width": 4, "maxSpeed": 16.67}, {"width": 4, "maxSpeed": 16.67}, {"width": 4, "maxSpeed": 16.67}]}, {"endIntersection": "inter_1172", "id": "road_1164_1172", "startIntersection": "inter_1164", "points": [{"x": 342.9456000002101, "y": -226.5775512009859}, {"x": 131.160000000149, "y": -86.73324660211802}], "lanes": [{"width": 4, "maxSpeed": 16.67}, {"width": 4, "maxSpeed": 16.67}, {"width": 4, "maxSpeed": 16.67}]}, {"endIntersection": "inter_1172", "id": "road_1171_1172", "startIntersection": "inter_1171", "points": [{"x": -95.27520000003278, "y": -738.0270397514105}, {"x": 131.160000000149, "y": -86.73324660211802}], "lanes": [{"width": 4, "maxSpeed": 16.67}, {"width": 4, "maxSpeed": 16.67}, {"width": 4, "maxSpeed": 16.67}]}, {"endIntersection": "inter_18755", "id": "road_1171_18755", "startIntersection": "inter_1171", "points": [{"x": -95.27520000003278, "y": -738.0270397514105}, {"x": 142.90079999994487, "y": -880.8713413514197}], "lanes": [{"width": 4, "maxSpeed": 16.67}, {"width": 4, "maxSpeed": 16.67}, {"width": 4, "maxSpeed": 16.67}]}, {"endIntersection": "inter_18756", "id": "road_1171_18756", "startIntersection": "inter_1171", "points": [{"x": -95.27520000003278, "y": -738.0270397514105}, {"x": -181.5696000000462, "y": -682.6215396020561}], "lanes": [{"width": 4, "maxSpeed": 16.67}, {"width": 4, "maxSpeed": 16.67}, {"width": 4, "maxSpeed": 16.67}]}, {"endIntersection": "inter_1164", "id": "road_1172_1164", "startIntersection": "inter_1172", "points": [{"x": 131.160000000149, "y": -86.73324660211802}, {"x": 342.9456000002101, "y": -226.5775512009859}], "lanes": [{"width": 4, "maxSpeed": 16.67}, {"width": 4, "maxSpeed": 16.67}, {"width": 4, "maxSpeed": 16.67}]}, {"endIntersection": "inter_1171", "id": "road_1172_1171", "startIntersection": "inter_1172", "points": [{"x": 131.160000000149, "y": -86.73324660211802}, {"x": -95.27520000003278, "y": -738.0270397514105}], "lanes": [{"width": 4, "maxSpeed": 16.67}, {"width": 4, "maxSpeed": 16.67}, {"width": 4, "maxSpeed": 16.67}]}, {"endIntersection": "inter_20871", "id": "road_1172_20871", "startIntersection": "inter_1172", "points": [{"x": 131.160000000149, "y": -86.73324660211802}, {"x": 293.11200000019744, "y": 287.8830454479903}], "lanes": [{"width": 4, "maxSpeed": 16.67}, {"width": 4, "maxSpeed": 16.67}, {"width": 4, "maxSpeed": 16.67}]}, {"endIntersection": "inter_764", "id": "road_1172_764", "startIntersection": "inter_1172", "points": [{"x": 131.160000000149, "y": -86.73324660211802}, {"x": 0.0, "y": 0.0}], "lanes": [{"width": 4, "maxSpeed": 16.67}, {"width": 4, "maxSpeed": 16.67}, {"width": 4, "maxSpeed": 16.67}]}, {"endIntersection": "inter_767", "id": "road_15058_767", "startIntersection": "inter_15058", "points": [{"x": -38.39519999967888, "y": 864.5824687499553}, {"x": -102.47200000006706, "y": 566.8160998485982}], "lanes": [{"width": 4, "maxSpeed": 16.67}, {"width": 4, "maxSpeed": 16.67}, {"width": 4, "maxSpeed": 16.67}]}, {"endIntersection": "inter_1162", "id": "road_15059_1162", "startIntersection": "inter_15059", "points": [{"x": -271.53599999984726, "y": 163.5942808482796}, {"x": -546.4847999997437, "y": 314.60524094849825}], "lanes": [{"width": 4, "maxSpeed": 16.67}, {"width": 4, "maxSpeed": 16.67}, {"width": 4, "maxSpeed": 16.67}]}, {"endIntersection": "inter_18757", "id": "road_15059_18757", "startIntersection": "inter_15059", "points": [{"x": -271.53599999984726, "y": 163.5942808482796}, {"x": -475.18559999996796, "y": -473.54952645115554}], "lanes": [{"width": 4, "maxSpeed": 16.67}, {"width": 4, "maxSpeed": 16.67}, {"width": 4, "maxSpeed": 16.67}]}, {"endIntersection": "inter_764", "id": "road_15059_764", "startIntersection": "inter_15059", "points": [{"x": -271.53599999984726, "y": 163.5942808482796}, {"x": 0.0, "y": 0.0}], "lanes": [{"width": 4, "maxSpeed": 16.67}, {"width": 4, "maxSpeed": 16.67}, {"width": 4, "maxSpeed": 16.67}]}, {"endIntersection": "inter_767", "id": "road_15059_767", "startIntersection": "inter_15059", "points": [{"x": -271.53599999984726, "y": 163.5942808482796}, {"x": -102.47200000006706, "y": 566.8160998485982}], "lanes": [{"width": 4, "maxSpeed": 16.67}, {"width": 4, "maxSpeed": 16.67}, {"width": 4, "maxSpeed": 16.67}]}, {"endIntersection": "inter_1171", "id": "road_18755_1171", "startIntersection": "inter_18755", "points": [{"x": 142.90079999994487, "y": -880.8713413514197}, {"x": -95.27520000003278, "y": -738.0270397514105}], "lanes": [{"width": 4, "maxSpeed": 16.67}, {"width": 4, "maxSpeed": 16.67}, {"width": 4, "maxSpeed": 16.67}]}, {"endIntersection": "inter_1171", "id": "road_18756_1171", "startIntersection": "inter_18756", "points": [{"x": -181.5696000000462, "y": -682.6215396020561}, {"x": -95.27520000003278, "y": -738.0270397514105}], "lanes": [{"width": 4, "maxSpeed": 16.67}, {"width": 4, "maxSpeed": 16.67}, {"width": 4, "maxSpeed": 16.67}]}, {"endIntersection": "inter_4446", "id": "road_18756_4446", "startIntersection": "inter_18756", "points": [{"x": -181.5696000000462, "y": -682.6215396020561}, {"x": -287.38079999992624, "y": -607.6160590518266}], "lanes": [{"width": 4, "maxSpeed": 16.67}, {"width": 4, "maxSpeed": 16.67}, {"width": 4, "maxSpeed": 16.67}]}, {"endIntersection": "inter_627", "id": "road_18756_627", "startIntersection": "inter_18756", "points": [{"x": -181.5696000000462, "y": -682.6215396020561}, {"x": -318.1392000000924, "y": -1167.6821656506509}], "lanes": [{"width": 4, "maxSpeed": 16.67}, {"width": 4, "maxSpeed": 16.67}, {"width": 4, "maxSpeed": 16.67}, {"width": 4, "maxSpeed": 16.67}, {"width": 4, "maxSpeed": 16.67}]}, {"endIntersection": "inter_764", "id": "road_18756_764", "startIntersection": "inter_18756", "points": [{"x": -181.5696000000462, "y": -682.6215396020561}, {"x": 0.0, "y": 0.0}], "lanes": [{"width": 4, "maxSpeed": 16.67}, {"width": 4, "maxSpeed": 16.67}, {"width": 4, "maxSpeed": 16.67}, {"width": 4, "maxSpeed": 16.67}, {"width": 4, "maxSpeed": 16.67}]}, {"endIntersection": "inter_15059", "id": "road_18757_15059", "startIntersection": "inter_18757", "points": [{"x": -475.18559999996796, "y": -473.54952645115554}, {"x": -271.53599999984726, "y": 163.5942808482796}], "lanes": [{"width": 4, "maxSpeed": 16.67}, {"width": 4, "maxSpeed": 16.67}, {"width": 4, "maxSpeed": 16.67}]}, {"endIntersection": "inter_20871", "id": "road_20870_20871", "startIntersection": "inter_20870", "points": [{"x": 122.51040000002831, "y": 425.8329074997455}, {"x": 293.11200000019744, "y": 287.8830454479903}], "lanes": [{"width": 4, "maxSpeed": 16.67}, {"width": 4, "maxSpeed": 16.67}, {"width": 4, "maxSpeed": 16.67}]}, {"endIntersection": "inter_20874", "id": "road_20870_20874", "startIntersection": "inter_20870", "points": [{"x": 122.51040000002831, "y": 425.8329074997455}, {"x": 216.27840000018477, "y": 696.865969799459}], "lanes": [{"width": 4, "maxSpeed": 16.67}, {"width": 4, "maxSpeed": 16.67}, {"width": 4, "maxSpeed": 16.67}, {"width": 4, "maxSpeed": 16.67}, {"width": 4, "maxSpeed": 16.67}]}, {"endIntersection": "inter_764", "id": "road_20870_764", "startIntersection": "inter_20870", "points": [{"x": 122.51040000002831, "y": 425.8329074997455}, {"x": 0.0, "y": 0.0}], "lanes": [{"width": 4, "maxSpeed": 16.67}, {"width": 4, "maxSpeed": 16.67}, {"width": 4, "maxSpeed": 16.67}, {"width": 4, "maxSpeed": 16.67}, {"width": 4, "maxSpeed": 16.67}]}, {"endIntersection": "inter_767", "id": "road_20870_767", "startIntersection": "inter_20870", "points": [{"x": 122.51040000002831, "y": 425.8329074997455}, {"x": -102.47200000006706, "y": 566.8160998485982}], "lanes": [{"width": 4, "maxSpeed": 16.67}, {"width": 4, "maxSpeed": 16.67}, {"width": 4, "maxSpeed": 16.67}]}, {"endIntersection": "inter_1172", "id": "road_20871_1172", "startIntersection": "inter_20871", "points": [{"x": 293.11200000019744, "y": 287.8830454479903}, {"x": 131.160000000149, "y": -86.73324660211802}], "lanes": [{"width": 4, "maxSpeed": 16.67}, {"width": 4, "maxSpeed": 16.67}, {"width": 4, "maxSpeed": 16.67}]}, {"endIntersection": "inter_20870", "id": "road_20871_20870", "startIntersection": "inter_20871", "points": [{"x": 293.11200000019744, "y": 287.8830454479903}, {"x": 122.51040000002831, "y": 425.8329074997455}], "lanes": [{"width": 4, "maxSpeed": 16.67}, {"width": 4, "maxSpeed": 16.67}, {"width": 4, "maxSpeed": 16.67}]}, {"endIntersection": "inter_20872", "id": "road_20871_20872", "startIntersection": "inter_20871", "points": [{"x": 293.11200000019744, "y": 287.8830454479903}, {"x": 664.7184000001289, "y": -17.283316051587462}], "lanes": [{"width": 4, "maxSpeed": 16.67}, {"width": 4, "maxSpeed": 16.67}, {"width": 4, "maxSpeed": 16.67}]}, {"endIntersection": "inter_4424", "id": "road_20871_4424", "startIntersection": "inter_20871", "points": [{"x": 293.11200000019744, "y": 287.8830454479903}, {"x": 425.0160000002943, "y": 529.760581349954}], "lanes": [{"width": 4, "maxSpeed": 16.67}, {"width": 4, "maxSpeed": 16.67}, {"width": 4, "maxSpeed": 16.67}]}, {"endIntersection": "inter_20871", "id": "road_20872_20871", "startIntersection": "inter_20872", "points": [{"x": 664.7184000001289, "y": -17.283316051587462}, {"x": 293.11200000019744, "y": 287.8830454479903}], "lanes": [{"width": 4, "maxSpeed": 16.67}, {"width": 4, "maxSpeed": 16.67}, {"width": 4, "maxSpeed": 16.67}]}, {"endIntersection": "inter_20870", "id": "road_20874_20870", "startIntersection": "inter_20874", "points": [{"x": 216.27840000018477, "y": 696.865969799459}, {"x": 122.51040000002831, "y": 425.8329074997455}], "lanes": [{"width": 4, "maxSpeed": 16.67}, {"width": 4, "maxSpeed": 16.67}, {"width": 4, "maxSpeed": 16.67}, {"width": 4, "maxSpeed": 16.67}, {"width": 4, "maxSpeed": 16.67}]}, {"endIntersection": "inter_20871", "id": "road_4424_20871", "startIntersection": "inter_4424", "points": [{"x": 425.0160000002943, "y": 529.760581349954}, {"x": 293.11200000019744, "y": 287.8830454479903}], "lanes": [{"width": 4, "maxSpeed": 16.67}, {"width": 4, "maxSpeed": 16.67}, {"width": 4, "maxSpeed": 16.67}]}, {"endIntersection": "inter_18756", "id": "road_4446_18756", "startIntersection": "inter_4446", "points": [{"x": -287.38079999992624, "y": -607.6160590518266}, {"x": -181.5696000000462, "y": -682.6215396020561}], "lanes": [{"width": 4, "maxSpeed": 16.67}, {"width": 4, "maxSpeed": 16.67}, {"width": 4, "maxSpeed": 16.67}]}, {"endIntersection": "inter_18756", "id": "road_627_18756", "startIntersection": "inter_627", "points": [{"x": -318.1392000000924, "y": -1167.6821656506509}, {"x": -181.5696000000462, "y": -682.6215396020561}], "lanes": [{"width": 4, "maxSpeed": 16.67}, {"width": 4, "maxSpeed": 16.67}, {"width": 4, "maxSpeed": 16.67}, {"width": 4, "maxSpeed": 16.67}, {"width": 4, "maxSpeed": 16.67}]}, {"endIntersection": "inter_1172", "id": "road_764_1172", "startIntersection": "inter_764", "points": [{"x": 0.0, "y": 0.0}, {"x": 131.160000000149, "y": -86.73324660211802}], "lanes": [{"width": 4, "maxSpeed": 16.67}, {"width": 4, "maxSpeed": 16.67}, {"width": 4, "maxSpeed": 16.67}]}, {"endIntersection": "inter_15059", "id": "road_764_15059", "startIntersection": "inter_764", "points": [{"x": 0.0, "y": 0.0}, {"x": -271.53599999984726, "y": 163.5942808482796}], "lanes": [{"width": 4, "maxSpeed": 16.67}, {"width": 4, "maxSpeed": 16.67}, {"width": 4, "maxSpeed": 16.67}]}, {"endIntersection": "inter_18756", "id": "road_764_18756", "startIntersection": "inter_764", "points": [{"x": 0.0, "y": 0.0}, {"x": -181.5696000000462, "y": -682.6215396020561}], "lanes": [{"width": 4, "maxSpeed": 16.67}, {"width": 4, "maxSpeed": 16.67}, {"width": 4, "maxSpeed": 16.67}, {"width": 4, "maxSpeed": 16.67}, {"width": 4, "maxSpeed": 16.67}]}, {"endIntersection": "inter_20870", "id": "road_764_20870", "startIntersection": "inter_764", "points": [{"x": 0.0, "y": 0.0}, {"x": 122.51040000002831, "y": 425.8329074997455}], "lanes": [{"width": 4, "maxSpeed": 16.67}, {"width": 4, "maxSpeed": 16.67}, {"width": 4, "maxSpeed": 16.67}, {"width": 4, "maxSpeed": 16.67}, {"width": 4, "maxSpeed": 16.67}]}, {"endIntersection": "inter_767", "id": "road_766_767", "startIntersection": "inter_766", "points": [{"x": -392.97120000002906, "y": 747.9825853500515}, {"x": -102.47200000006706, "y": 566.8160998485982}], "lanes": [{"width": 4, "maxSpeed": 16.67}, {"width": 4, "maxSpeed": 16.67}, {"width": 4, "maxSpeed": 16.67}]}, {"endIntersection": "inter_15058", "id": "road_767_15058", "startIntersection": "inter_767", "points": [{"x": -102.47200000006706, "y": 566.8160998485982}, {"x": -38.39519999967888, "y": 864.5824687499553}], "lanes": [{"width": 4, "maxSpeed": 16.67}, {"width": 4, "maxSpeed": 16.67}, {"width": 4, "maxSpeed": 16.67}]}, {"endIntersection": "inter_15059", "id": "road_767_15059", "startIntersection": "inter_767", "points": [{"x": -102.47200000006706, "y": 566.8160998485982}, {"x": -271.53599999984726, "y": 163.5942808482796}], "lanes": [{"width": 4, "maxSpeed": 16.67}, {"width": 4, "maxSpeed": 16.67}, {"width": 4, "maxSpeed": 16.67}]}, {"endIntersection": "inter_20870", "id": "road_767_20870", "startIntersection": "inter_767", "points": [{"x": -102.47200000006706, "y": 566.8160998485982}, {"x": 122.51040000002831, "y": 425.8329074997455}], "lanes": [{"width": 4, "maxSpeed": 16.67}, {"width": 4, "maxSpeed": 16.67}, {"width": 4, "maxSpeed": 16.67}]}, {"endIntersection": "inter_766", "id": "road_767_766", "startIntersection": "inter_767", "points": [{"x": -102.47200000006706, "y": 566.8160998485982}, {"x": -392.97120000002906, "y": 747.9825853500515}], "lanes": [{"width": 4, "maxSpeed": 16.67}, {"width": 4, "maxSpeed": 16.67}, {"width": 4, "maxSpeed": 16.67}]}, {"endIntersection": "inter_0", "id": "road_1171_0", "startIntersection": "inter_1171", "points": [{"x": -95.27520000003278, "y": -738.0270397514105}, {"x": -125.27520000003278, "y": -838.0270397514105}], "lanes": [{"width": 4, "maxSpeed": 16.67}, {"width": 4, "maxSpeed": 16.67}, {"width": 4, "maxSpeed": 16.67}]}, {"endIntersection": "inter_1171", "id": "road_0_1171", "startIntersection": "inter_0", "points": [{"x": -125.27520000003278, "y": -838.0270397514105}, {"x": -95.27520000003278, "y": -738.0270397514105}], "lanes": [{"width": 4, "maxSpeed": 16.67}, {"width": 4, "maxSpeed": 16.67}, {"width": 4, "maxSpeed": 16.67}]}], "intersections": [{"roadLinks": [], "roads": ["road_18755_1171", "road_1171_18755"], "virtual": true, "width": 0, "point": {"x": 142.90079999994487, "y": -880.8713413514197}, "id": "inter_18755", "trafficLight": {"roadLinkIndices": [], "lightphases": []}}, {"roadLinks": [], "roads": ["road_18757_15059", "road_15059_18757"], "virtual": true, "width": 0, "point": {"x": -475.18559999996796, "y": -473.54952645115554}, "id": "inter_18757", "trafficLight": {"roadLinkIndices": [], "lightphases": []}}, {"roadLinks": [], "roads": ["road_20872_20871", "road_20871_20872"], "virtual": true, "width": 0, "point": {"x": 664.7184000001289, "y": -17.283316051587462}, "id": "inter_20872", "trafficLight": {"roadLinkIndices": [], "lightphases": []}}, {"roadLinks": [], "roads": ["road_4424_20871", "road_20871_4424"], "virtual": true, "width": 0, "point": {"x": 425.0160000002943, "y": 529.760581349954}, "id": "inter_4424", "trafficLight": {"roadLinkIndices": [], "lightphases": []}}, {"roadLinks": [], "roads": ["road_20874_20870", "road_20870_20874"], "virtual": true, "width": 0, "point": {"x": 216.27840000018477, "y": 696.865969799459}, "id": "inter_20874", "trafficLight": {"roadLinkIndices": [], "lightphases": []}}, {"roadLinks": [], "roads": ["road_1162_15059", "road_15059_1162"], "virtual": true, "width": 0, "point": {"x": -546.4847999997437, "y": 314.60524094849825}, "id": "inter_1162", "trafficLight": {"roadLinkIndices": [], "lightphases": []}}, {"roadLinks": [], "roads": ["road_1164_1172", "road_1172_1164"], "virtual": true, "width": 0, "point": {"x": 342.9456000002101, "y": -226.5775512009859}, "id": "inter_1164", "trafficLight": {"roadLinkIndices": [], "lightphases": []}}, {"roadLinks": [], "roads": ["road_766_767", "road_767_766"], "virtual": true, "width": 0, "point": {"x": -392.97120000002906, "y": 747.9825853500515}, "id": "inter_766", "trafficLight": {"roadLinkIndices": [], "lightphases": []}}, {"roadLinks": [], "roads": ["road_15058_767", "road_767_15058"], "virtual": true, "width": 0, "point": {"x": -38.39519999967888, "y": 864.5824687499553}, "id": "inter_15058", "trafficLight": {"roadLinkIndices": [], "lightphases": []}}, {"roadLinks": [], "roads": ["road_627_18756", "road_18756_627"], "virtual": true, "width": 0, "point": {"x": -318.1392000000924, "y": -1167.6821656506509}, "id": "inter_627", "trafficLight": {"roadLinkIndices": [], "lightphases": []}}, {"roadLinks": [], "roads": ["road_4446_18756", "road_18756_4446"], "virtual": true, "width": 0, "point": {"x": -287.38079999992624, "y": -607.6160590518266}, "id": "inter_4446", "trafficLight": {"roadLinkIndices": [], "lightphases": []}}, {"roadLinks": [{"laneLinks": [{"startLaneIndex": 0, "points": [], "endLaneIndex": 0}, {"startLaneIndex": 0, "points": [], "endLaneIndex": 1}, {"startLaneIndex": 0, "points": [], "endLaneIndex": 2}, {"startLaneIndex": 0, "points": [], "endLaneIndex": 3}, {"startLaneIndex": 0, "points": [], "endLaneIndex": 4}], "startRoad": "road_4446_18756", "type": "turn_left", "endRoad": "road_18756_764"}, {"laneLinks": [{"startLaneIndex": 1, "points": [], "endLaneIndex": 0}, {"startLaneIndex": 1, "points": [], "endLaneIndex": 1}, {"startLaneIndex": 1, "points": [], "endLaneIndex": 2}], "startRoad": "road_4446_18756", "type": "go_straight", "endRoad": "road_18756_1171"}, {"laneLinks": [{"startLaneIndex": 2, "points": [], "endLaneIndex": 0}, {"startLaneIndex": 2, "points": [], "endLaneIndex": 1}, {"startLaneIndex": 2, "points": [], "endLaneIndex": 2}, {"startLaneIndex": 2, "points": [], "endLaneIndex": 3}, {"startLaneIndex": 2, "points": [], "endLaneIndex": 4}], "startRoad": "road_4446_18756", "type": "turn_right", "endRoad": "road_18756_627"}, {"laneLinks": [{"startLaneIndex": 0, "points": [], "endLaneIndex": 0}, {"startLaneIndex": 0, "points": [], "endLaneIndex": 1}, {"startLaneIndex": 0, "points": [], "endLaneIndex": 2}], "startRoad": "road_764_18756", "type": "turn_left", "endRoad": "road_18756_1171"}, {"laneLinks": [{"startLaneIndex": 1, "points": [], "endLaneIndex": 0}, {"startLaneIndex": 1, "points": [], "endLaneIndex": 1}, {"startLaneIndex": 1, "points": [], "endLaneIndex": 2}, {"startLaneIndex": 1, "points": [], "endLaneIndex": 3}, {"startLaneIndex": 1, "points": [], "endLaneIndex": 4}, {"startLaneIndex": 2, "points": [], "endLaneIndex": 0}, {"startLaneIndex": 2, "points": [], "endLaneIndex": 1}, {"startLaneIndex": 2, "points": [], "endLaneIndex": 2}, {"startLaneIndex": 2, "points": [], "endLaneIndex": 3}, {"startLaneIndex": 2, "points": [], "endLaneIndex": 4}, {"startLaneIndex": 3, "points": [], "endLaneIndex": 0}, {"startLaneIndex": 3, "points": [], "endLaneIndex": 1}, {"startLaneIndex": 3, "points": [], "endLaneIndex": 2}, {"startLaneIndex": 3, "points": [], "endLaneIndex": 3}, {"startLaneIndex": 3, "points": [], "endLaneIndex": 4}], "startRoad": "road_764_18756", "type": "go_straight", "endRoad": "road_18756_627"}, {"laneLinks": [{"startLaneIndex": 4, "points": [], "endLaneIndex": 0}, {"startLaneIndex": 4, "points": [], "endLaneIndex": 1}, {"startLaneIndex": 4, "points": [], "endLaneIndex": 2}], "startRoad": "road_764_18756", "type": "turn_right", "endRoad": "road_18756_4446"}, {"laneLinks": [{"startLaneIndex": 0, "points": [], "endLaneIndex": 0}, {"startLaneIndex": 0, "points": [], "endLaneIndex": 1}, {"startLaneIndex": 0, "points": [], "endLaneIndex": 2}, {"startLaneIndex": 0, "points": [], "endLaneIndex": 3}, {"startLaneIndex": 0, "points": [], "endLaneIndex": 4}], "startRoad": "road_1171_18756", "type": "turn_left", "endRoad": "road_18756_627"}, {"laneLinks": [{"startLaneIndex": 1, "points": [], "endLaneIndex": 0}, {"startLaneIndex": 1, "points": [], "endLaneIndex": 1}, {"startLaneIndex": 1, "points": [], "endLaneIndex": 2}], "startRoad": "road_1171_18756", "type": "go_straight", "endRoad": "road_18756_4446"}, {"laneLinks": [{"startLaneIndex": 2, "points": [], "endLaneIndex": 0}, {"startLaneIndex": 2, "points": [], "endLaneIndex": 1}, {"startLaneIndex": 2, "points": [], "endLaneIndex": 2}, {"startLaneIndex": 2, "points": [], "endLaneIndex": 3}, {"startLaneIndex": 2, "points": [], "endLaneIndex": 4}], "startRoad": "road_1171_18756", "type": "turn_right", "endRoad": "road_18756_764"}, {"laneLinks": [{"startLaneIndex": 0, "points": [], "endLaneIndex": 0}, {"startLaneIndex": 0, "points": [], "endLaneIndex": 1}, {"startLaneIndex": 0, "points": [], "endLaneIndex": 2}], "startRoad": "road_627_18756", "type": "turn_left", "endRoad": "road_18756_4446"}, {"laneLinks": [{"startLaneIndex": 1, "points": [], "endLaneIndex": 0}, {"startLaneIndex": 1, "points": [], "endLaneIndex": 1}, {"startLaneIndex": 1, "points": [], "endLaneIndex": 2}, {"startLaneIndex": 1, "points": [], "endLaneIndex": 3}, {"startLaneIndex": 1, "points": [], "endLaneIndex": 4}, {"startLaneIndex": 2, "points": [], "endLaneIndex": 0}, {"startLaneIndex": 2, "points": [], "endLaneIndex": 1}, {"startLaneIndex": 2, "points": [], "endLaneIndex": 2}, {"startLaneIndex": 2, "points": [], "endLaneIndex": 3}, {"startLaneIndex": 2, "points": [], "endLaneIndex": 4}, {"startLaneIndex": 3, "points": [], "endLaneIndex": 0}, {"startLaneIndex": 3, "points": [], "endLaneIndex": 1}, {"startLaneIndex": 3, "points": [], "endLaneIndex": 2}, {"startLaneIndex": 3, "points": [], "endLaneIndex": 3}, {"startLaneIndex": 3, "points": [], "endLaneIndex": 4}], "startRoad": "road_627_18756", "type": "go_straight", "endRoad": "road_18756_764"}, {"laneLinks": [{"startLaneIndex": 4, "points": [], "endLaneIndex": 0}, {"startLaneIndex": 4, "points": [], "endLaneIndex": 1}, {"startLaneIndex": 4, "points": [], "endLaneIndex": 2}], "startRoad": "road_627_18756", "type": "turn_right", "endRoad": "road_18756_1171"}], "roads": ["road_18756_627", "road_627_18756", "road_18756_1171", "road_1171_18756", "road_18756_764", "road_764_18756", "road_18756_4446", "road_4446_18756"], "virtual": false, "width": 40, "point": {"x": -181.5696000000462, "y": -682.6215396020561}, "id": "inter_18756", "trafficLight": {"roadLinkIndices": [], "lightphases": [{"availableRoadLinks": [2, 5, 8, 11], "time": 5}, {"availableRoadLinks": [1, 2, 5, 7, 8, 11], "time": 5}, {"availableRoadLinks": [2, 4, 5, 8, 10, 11], "time": 5}, {"availableRoadLinks": [0, 2, 5, 6, 8, 11], "time": 5}, {"availableRoadLinks": [2, 3, 5, 8, 9, 11], "time": 5}, {"availableRoadLinks": [0, 1, 2, 5, 8, 11], "time": 5}, {"availableRoadLinks": [2, 3, 4, 5, 8, 11], "time": 5}, {"availableRoadLinks": [2, 5, 6, 7, 8, 11], "time": 5}, {"availableRoadLinks": [2, 5, 8, 9, 10, 11], "time": 5}]}}, {"roadLinks": [{"laneLinks": [{"startLaneIndex": 0, "points": [], "endLaneIndex": 0}, {"startLaneIndex": 0, "points": [], "endLaneIndex": 1}, {"startLaneIndex": 0, "points": [], "endLaneIndex": 2}, {"startLaneIndex": 0, "points": [], "endLaneIndex": 3}, {"startLaneIndex": 0, "points": [], "endLaneIndex": 4}], "startRoad": "road_767_20870", "type": "turn_left", "endRoad": "road_20870_20874"}, {"laneLinks": [{"startLaneIndex": 1, "points": [], "endLaneIndex": 0}, {"startLaneIndex": 1, "points": [], "endLaneIndex": 1}, {"startLaneIndex": 1, "points": [], "endLaneIndex": 2}], "startRoad": "road_767_20870", "type": "go_straight", "endRoad": "road_20870_20871"}, {"laneLinks": [{"startLaneIndex": 2, "points": [], "endLaneIndex": 0}, {"startLaneIndex": 2, "points": [], "endLaneIndex": 1}, {"startLaneIndex": 2, "points": [], "endLaneIndex": 2}, {"startLaneIndex": 2, "points": [], "endLaneIndex": 3}, {"startLaneIndex": 2, "points": [], "endLaneIndex": 4}], "startRoad": "road_767_20870", "type": "turn_right", "endRoad": "road_20870_764"}, {"laneLinks": [{"startLaneIndex": 0, "points": [], "endLaneIndex": 0}, {"startLaneIndex": 0, "points": [], "endLaneIndex": 1}, {"startLaneIndex": 0, "points": [], "endLaneIndex": 2}], "startRoad": "road_20874_20870", "type": "turn_left", "endRoad": "road_20870_20871"}, {"laneLinks": [{"startLaneIndex": 1, "points": [], "endLaneIndex": 0}, {"startLaneIndex": 1, "points": [], "endLaneIndex": 1}, {"startLaneIndex": 1, "points": [], "endLaneIndex": 2}, {"startLaneIndex": 1, "points": [], "endLaneIndex": 3}, {"startLaneIndex": 1, "points": [], "endLaneIndex": 4}, {"startLaneIndex": 2, "points": [], "endLaneIndex": 0}, {"startLaneIndex": 2, "points": [], "endLaneIndex": 1}, {"startLaneIndex": 2, "points": [], "endLaneIndex": 2}, {"startLaneIndex": 2, "points": [], "endLaneIndex": 3}, {"startLaneIndex": 2, "points": [], "endLaneIndex": 4}, {"startLaneIndex": 3, "points": [], "endLaneIndex": 0}, {"startLaneIndex": 3, "points": [], "endLaneIndex": 1}, {"startLaneIndex": 3, "points": [], "endLaneIndex": 2}, {"startLaneIndex": 3, "points": [], "endLaneIndex": 3}, {"startLaneIndex": 3, "points": [], "endLaneIndex": 4}], "startRoad": "road_20874_20870", "type": "go_straight", "endRoad": "road_20870_764"}, {"laneLinks": [{"startLaneIndex": 4, "points": [], "endLaneIndex": 0}, {"startLaneIndex": 4, "points": [], "endLaneIndex": 1}, {"startLaneIndex": 4, "points": [], "endLaneIndex": 2}], "startRoad": "road_20874_20870", "type": "turn_right", "endRoad": "road_20870_767"}, {"laneLinks": [{"startLaneIndex": 0, "points": [], "endLaneIndex": 0}, {"startLaneIndex": 0, "points": [], "endLaneIndex": 1}, {"startLaneIndex": 0, "points": [], "endLaneIndex": 2}, {"startLaneIndex": 0, "points": [], "endLaneIndex": 3}, {"startLaneIndex": 0, "points": [], "endLaneIndex": 4}], "startRoad": "road_20871_20870", "type": "turn_left", "endRoad": "road_20870_764"}, {"laneLinks": [{"startLaneIndex": 1, "points": [], "endLaneIndex": 0}, {"startLaneIndex": 1, "points": [], "endLaneIndex": 1}, {"startLaneIndex": 1, "points": [], "endLaneIndex": 2}], "startRoad": "road_20871_20870", "type": "go_straight", "endRoad": "road_20870_767"}, {"laneLinks": [{"startLaneIndex": 2, "points": [], "endLaneIndex": 0}, {"startLaneIndex": 2, "points": [], "endLaneIndex": 1}, {"startLaneIndex": 2, "points": [], "endLaneIndex": 2}, {"startLaneIndex": 2, "points": [], "endLaneIndex": 3}, {"startLaneIndex": 2, "points": [], "endLaneIndex": 4}], "startRoad": "road_20871_20870", "type": "turn_right", "endRoad": "road_20870_20874"}, {"laneLinks": [{"startLaneIndex": 0, "points": [], "endLaneIndex": 0}, {"startLaneIndex": 0, "points": [], "endLaneIndex": 1}, {"startLaneIndex": 0, "points": [], "endLaneIndex": 2}], "startRoad": "road_764_20870", "type": "turn_left", "endRoad": "road_20870_767"}, {"laneLinks": [{"startLaneIndex": 1, "points": [], "endLaneIndex": 0}, {"startLaneIndex": 1, "points": [], "endLaneIndex": 1}, {"startLaneIndex": 1, "points": [], "endLaneIndex": 2}, {"startLaneIndex": 1, "points": [], "endLaneIndex": 3}, {"startLaneIndex": 1, "points": [], "endLaneIndex": 4}, {"startLaneIndex": 2, "points": [], "endLaneIndex": 0}, {"startLaneIndex": 2, "points": [], "endLaneIndex": 1}, {"startLaneIndex": 2, "points": [], "endLaneIndex": 2}, {"startLaneIndex": 2, "points": [], "endLaneIndex": 3}, {"startLaneIndex": 2, "points": [], "endLaneIndex": 4}, {"startLaneIndex": 3, "points": [], "endLaneIndex": 0}, {"startLaneIndex": 3, "points": [], "endLaneIndex": 1}, {"startLaneIndex": 3, "points": [], "endLaneIndex": 2}, {"startLaneIndex": 3, "points": [], "endLaneIndex": 3}, {"startLaneIndex": 3, "points": [], "endLaneIndex": 4}], "startRoad": "road_764_20870", "type": "go_straight", "endRoad": "road_20870_20874"}, {"laneLinks": [{"startLaneIndex": 4, "points": [], "endLaneIndex": 0}, {"startLaneIndex": 4, "points": [], "endLaneIndex": 1}, {"startLaneIndex": 4, "points": [], "endLaneIndex": 2}], "startRoad": "road_764_20870", "type": "turn_right", "endRoad": "road_20870_20871"}], "roads": ["road_20870_764", "road_764_20870", "road_20870_20871", "road_20871_20870", "road_20870_20874", "road_20874_20870", "road_20870_767", "road_767_20870"], "virtual": false, "width": 40, "point": {"x": 122.51040000002831, "y": 425.8329074997455}, "id": "inter_20870", "trafficLight": {"roadLinkIndices": [], "lightphases": [{"availableRoadLinks": [2, 5, 8, 11], "time": 5}, {"availableRoadLinks": [1, 2, 5, 7, 8, 11], "time": 5}, {"availableRoadLinks": [2, 4, 5, 8, 10, 11], "time": 5}, {"availableRoadLinks": [0, 2, 5, 6, 8, 11], "time": 5}, {"availableRoadLinks": [2, 3, 5, 8, 9, 11], "time": 5}, {"availableRoadLinks": [0, 1, 2, 5, 8, 11], "time": 5}, {"availableRoadLinks": [2, 3, 4, 5, 8, 11], "time": 5}, {"availableRoadLinks": [2, 5, 6, 7, 8, 11], "time": 5}, {"availableRoadLinks": [2, 5, 8, 9, 10, 11], "time": 5}]}}, {"roadLinks": [{"laneLinks": [{"startLaneIndex": 0, "points": [], "endLaneIndex": 0}, {"startLaneIndex": 0, "points": [], "endLaneIndex": 1}, {"startLaneIndex": 0, "points": [], "endLaneIndex": 2}], "startRoad": "road_20870_20871", "type": "turn_left", "endRoad": "road_20871_4424"}, {"laneLinks": [{"startLaneIndex": 1, "points": [], "endLaneIndex": 0}, {"startLaneIndex": 1, "points": [], "endLaneIndex": 1}, {"startLaneIndex": 1, "points": [], "endLaneIndex": 2}], "startRoad": "road_20870_20871", "type": "go_straight", "endRoad": "road_20871_20872"}, {"laneLinks": [{"startLaneIndex": 2, "points": [], "endLaneIndex": 0}, {"startLaneIndex": 2, "points": [], "endLaneIndex": 1}, {"startLaneIndex": 2, "points": [], "endLaneIndex": 2}], "startRoad": "road_20870_20871", "type": "turn_right", "endRoad": "road_20871_1172"}, {"laneLinks": [{"startLaneIndex": 0, "points": [], "endLaneIndex": 0}, {"startLaneIndex": 0, "points": [], "endLaneIndex": 1}, {"startLaneIndex": 0, "points": [], "endLaneIndex": 2}], "startRoad": "road_4424_20871", "type": "turn_left", "endRoad": "road_20871_20872"}, {"laneLinks": [{"startLaneIndex": 1, "points": [], "endLaneIndex": 0}, {"startLaneIndex": 1, "points": [], "endLaneIndex": 1}, {"startLaneIndex": 1, "points": [], "endLaneIndex": 2}], "startRoad": "road_4424_20871", "type": "go_straight", "endRoad": "road_20871_1172"}, {"laneLinks": [{"startLaneIndex": 2, "points": [], "endLaneIndex": 0}, {"startLaneIndex": 2, "points": [], "endLaneIndex": 1}, {"startLaneIndex": 2, "points": [], "endLaneIndex": 2}], "startRoad": "road_4424_20871", "type": "turn_right", "endRoad": "road_20871_20870"}, {"laneLinks": [{"startLaneIndex": 0, "points": [], "endLaneIndex": 0}, {"startLaneIndex": 0, "points": [], "endLaneIndex": 1}, {"startLaneIndex": 0, "points": [], "endLaneIndex": 2}], "startRoad": "road_20872_20871", "type": "turn_left", "endRoad": "road_20871_1172"}, {"laneLinks": [{"startLaneIndex": 1, "points": [], "endLaneIndex": 0}, {"startLaneIndex": 1, "points": [], "endLaneIndex": 1}, {"startLaneIndex": 1, "points": [], "endLaneIndex": 2}], "startRoad": "road_20872_20871", "type": "go_straight", "endRoad": "road_20871_20870"}, {"laneLinks": [{"startLaneIndex": 2, "points": [], "endLaneIndex": 0}, {"startLaneIndex": 2, "points": [], "endLaneIndex": 1}, {"startLaneIndex": 2, "points": [], "endLaneIndex": 2}], "startRoad": "road_20872_20871", "type": "turn_right", "endRoad": "road_20871_4424"}, {"laneLinks": [{"startLaneIndex": 0, "points": [], "endLaneIndex": 0}, {"startLaneIndex": 0, "points": [], "endLaneIndex": 1}, {"startLaneIndex": 0, "points": [], "endLaneIndex": 2}], "startRoad": "road_1172_20871", "type": "turn_left", "endRoad": "road_20871_20870"}, {"laneLinks": [{"startLaneIndex": 1, "points": [], "endLaneIndex": 0}, {"startLaneIndex": 1, "points": [], "endLaneIndex": 1}, {"startLaneIndex": 1, "points": [], "endLaneIndex": 2}], "startRoad": "road_1172_20871", "type": "go_straight", "endRoad": "road_20871_4424"}, {"laneLinks": [{"startLaneIndex": 2, "points": [], "endLaneIndex": 0}, {"startLaneIndex": 2, "points": [], "endLaneIndex": 1}, {"startLaneIndex": 2, "points": [], "endLaneIndex": 2}], "startRoad": "road_1172_20871", "type": "turn_right", "endRoad": "road_20871_20872"}], "roads": ["road_20871_1172", "road_1172_20871", "road_20871_20872", "road_20872_20871", "road_20871_4424", "road_4424_20871", "road_20871_20870", "road_20870_20871"], "virtual": false, "width": 24, "point": {"x": 293.11200000019744, "y": 287.8830454479903}, "id": "inter_20871", "trafficLight": {"roadLinkIndices": [], "lightphases": [{"availableRoadLinks": [2, 5, 8, 11], "time": 5}, {"availableRoadLinks": [1, 2, 5, 7, 8, 11], "time": 5}, {"availableRoadLinks": [2, 4, 5, 8, 10, 11], "time": 5}, {"availableRoadLinks": [0, 2, 5, 6, 8, 11], "time": 5}, {"availableRoadLinks": [2, 3, 5, 8, 9, 11], "time": 5}, {"availableRoadLinks": [0, 1, 2, 5, 8, 11], "time": 5}, {"availableRoadLinks": [2, 3, 4, 5, 8, 11], "time": 5}, {"availableRoadLinks": [2, 5, 6, 7, 8, 11], "time": 5}, {"availableRoadLinks": [2, 5, 8, 9, 10, 11], "time": 5}]}}, {"roadLinks": [{"laneLinks": [{"startLaneIndex": 0, "points": [], "endLaneIndex": 0}, {"startLaneIndex": 0, "points": [], "endLaneIndex": 1}, {"startLaneIndex": 0, "points": [], "endLaneIndex": 2}], "startRoad": "road_1162_15059", "type": "turn_left", "endRoad": "road_15059_767"}, {"laneLinks": [{"startLaneIndex": 1, "points": [], "endLaneIndex": 0}, {"startLaneIndex": 1, "points": [], "endLaneIndex": 1}, {"startLaneIndex": 1, "points": [], "endLaneIndex": 2}], "startRoad": "road_1162_15059", "type": "go_straight", "endRoad": "road_15059_764"}, {"laneLinks": [{"startLaneIndex": 2, "points": [], "endLaneIndex": 0}, {"startLaneIndex": 2, "points": [], "endLaneIndex": 1}, {"startLaneIndex": 2, "points": [], "endLaneIndex": 2}], "startRoad": "road_1162_15059", "type": "turn_right", "endRoad": "road_15059_18757"}, {"laneLinks": [{"startLaneIndex": 0, "points": [], "endLaneIndex": 0}, {"startLaneIndex": 0, "points": [], "endLaneIndex": 1}, {"startLaneIndex": 0, "points": [], "endLaneIndex": 2}], "startRoad": "road_767_15059", "type": "turn_left", "endRoad": "road_15059_764"}, {"laneLinks": [{"startLaneIndex": 1, "points": [], "endLaneIndex": 0}, {"startLaneIndex": 1, "points": [], "endLaneIndex": 1}, {"startLaneIndex": 1, "points": [], "endLaneIndex": 2}], "startRoad": "road_767_15059", "type": "go_straight", "endRoad": "road_15059_18757"}, {"laneLinks": [{"startLaneIndex": 2, "points": [], "endLaneIndex": 0}, {"startLaneIndex": 2, "points": [], "endLaneIndex": 1}, {"startLaneIndex": 2, "points": [], "endLaneIndex": 2}], "startRoad": "road_767_15059", "type": "turn_right", "endRoad": "road_15059_1162"}, {"laneLinks": [{"startLaneIndex": 0, "points": [], "endLaneIndex": 0}, {"startLaneIndex": 0, "points": [], "endLaneIndex": 1}, {"startLaneIndex": 0, "points": [], "endLaneIndex": 2}], "startRoad": "road_764_15059", "type": "turn_left", "endRoad": "road_15059_18757"}, {"laneLinks": [{"startLaneIndex": 1, "points": [], "endLaneIndex": 0}, {"startLaneIndex": 1, "points": [], "endLaneIndex": 1}, {"startLaneIndex": 1, "points": [], "endLaneIndex": 2}], "startRoad": "road_764_15059", "type": "go_straight", "endRoad": "road_15059_1162"}, {"laneLinks": [{"startLaneIndex": 2, "points": [], "endLaneIndex": 0}, {"startLaneIndex": 2, "points": [], "endLaneIndex": 1}, {"startLaneIndex": 2, "points": [], "endLaneIndex": 2}], "startRoad": "road_764_15059", "type": "turn_right", "endRoad": "road_15059_767"}, {"laneLinks": [{"startLaneIndex": 0, "points": [], "endLaneIndex": 0}, {"startLaneIndex": 0, "points": [], "endLaneIndex": 1}, {"startLaneIndex": 0, "points": [], "endLaneIndex": 2}], "startRoad": "road_18757_15059", "type": "turn_left", "endRoad": "road_15059_1162"}, {"laneLinks": [{"startLaneIndex": 1, "points": [], "endLaneIndex": 0}, {"startLaneIndex": 1, "points": [], "endLaneIndex": 1}, {"startLaneIndex": 1, "points": [], "endLaneIndex": 2}], "startRoad": "road_18757_15059", "type": "go_straight", "endRoad": "road_15059_767"}, {"laneLinks": [{"startLaneIndex": 2, "points": [], "endLaneIndex": 0}, {"startLaneIndex": 2, "points": [], "endLaneIndex": 1}, {"startLaneIndex": 2, "points": [], "endLaneIndex": 2}], "startRoad": "road_18757_15059", "type": "turn_right", "endRoad": "road_15059_764"}], "roads": ["road_15059_18757", "road_18757_15059", "road_15059_764", "road_764_15059", "road_15059_767", "road_767_15059", "road_15059_1162", "road_1162_15059"], "virtual": false, "width": 24, "point": {"x": -271.53599999984726, "y": 163.5942808482796}, "id": "inter_15059", "trafficLight": {"roadLinkIndices": [], "lightphases": [{"availableRoadLinks": [2, 5, 8, 11], "time": 5}, {"availableRoadLinks": [1, 2, 5, 7, 8, 11], "time": 5}, {"availableRoadLinks": [2, 4, 5, 8, 10, 11], "time": 5}, {"availableRoadLinks": [0, 2, 5, 6, 8, 11], "time": 5}, {"availableRoadLinks": [2, 3, 5, 8, 9, 11], "time": 5}, {"availableRoadLinks": [0, 1, 2, 5, 8, 11], "time": 5}, {"availableRoadLinks": [2, 3, 4, 5, 8, 11], "time": 5}, {"availableRoadLinks": [2, 5, 6, 7, 8, 11], "time": 5}, {"availableRoadLinks": [2, 5, 8, 9, 10, 11], "time": 5}]}}, {"roadLinks": [{"laneLinks": [{"startLaneIndex": 0, "points": [], "endLaneIndex": 0}, {"startLaneIndex": 0, "points": [], "endLaneIndex": 1}, {"startLaneIndex": 0, "points": [], "endLaneIndex": 2}], "startRoad": "road_764_1172", "type": "turn_left", "endRoad": "road_1172_20871"}, {"laneLinks": [{"startLaneIndex": 1, "points": [], "endLaneIndex": 0}, {"startLaneIndex": 1, "points": [], "endLaneIndex": 1}, {"startLaneIndex": 1, "points": [], "endLaneIndex": 2}], "startRoad": "road_764_1172", "type": "go_straight", "endRoad": "road_1172_1164"}, {"laneLinks": [{"startLaneIndex": 2, "points": [], "endLaneIndex": 0}, {"startLaneIndex": 2, "points": [], "endLaneIndex": 1}, {"startLaneIndex": 2, "points": [], "endLaneIndex": 2}], "startRoad": "road_764_1172", "type": "turn_right", "endRoad": "road_1172_1171"}, {"laneLinks": [{"startLaneIndex": 0, "points": [], "endLaneIndex": 0}, {"startLaneIndex": 0, "points": [], "endLaneIndex": 1}, {"startLaneIndex": 0, "points": [], "endLaneIndex": 2}], "startRoad": "road_20871_1172", "type": "turn_left", "endRoad": "road_1172_1164"}, {"laneLinks": [{"startLaneIndex": 1, "points": [], "endLaneIndex": 0}, {"startLaneIndex": 1, "points": [], "endLaneIndex": 1}, {"startLaneIndex": 1, "points": [], "endLaneIndex": 2}], "startRoad": "road_20871_1172", "type": "go_straight", "endRoad": "road_1172_1171"}, {"laneLinks": [{"startLaneIndex": 2, "points": [], "endLaneIndex": 0}, {"startLaneIndex": 2, "points": [], "endLaneIndex": 1}, {"startLaneIndex": 2, "points": [], "endLaneIndex": 2}], "startRoad": "road_20871_1172", "type": "turn_right", "endRoad": "road_1172_764"}, {"laneLinks": [{"startLaneIndex": 0, "points": [], "endLaneIndex": 0}, {"startLaneIndex": 0, "points": [], "endLaneIndex": 1}, {"startLaneIndex": 0, "points": [], "endLaneIndex": 2}], "startRoad": "road_1164_1172", "type": "turn_left", "endRoad": "road_1172_1171"}, {"laneLinks": [{"startLaneIndex": 1, "points": [], "endLaneIndex": 0}, {"startLaneIndex": 1, "points": [], "endLaneIndex": 1}, {"startLaneIndex": 1, "points": [], "endLaneIndex": 2}], "startRoad": "road_1164_1172", "type": "go_straight", "endRoad": "road_1172_764"}, {"laneLinks": [{"startLaneIndex": 2, "points": [], "endLaneIndex": 0}, {"startLaneIndex": 2, "points": [], "endLaneIndex": 1}, {"startLaneIndex": 2, "points": [], "endLaneIndex": 2}], "startRoad": "road_1164_1172", "type": "turn_right", "endRoad": "road_1172_20871"}, {"laneLinks": [{"startLaneIndex": 0, "points": [], "endLaneIndex": 0}, {"startLaneIndex": 0, "points": [], "endLaneIndex": 1}, {"startLaneIndex": 0, "points": [], "endLaneIndex": 2}], "startRoad": "road_1171_1172", "type": "turn_left", "endRoad": "road_1172_764"}, {"laneLinks": [{"startLaneIndex": 1, "points": [], "endLaneIndex": 0}, {"startLaneIndex": 1, "points": [], "endLaneIndex": 1}, {"startLaneIndex": 1, "points": [], "endLaneIndex": 2}], "startRoad": "road_1171_1172", "type": "go_straight", "endRoad": "road_1172_20871"}, {"laneLinks": [{"startLaneIndex": 2, "points": [], "endLaneIndex": 0}, {"startLaneIndex": 2, "points": [], "endLaneIndex": 1}, {"startLaneIndex": 2, "points": [], "endLaneIndex": 2}], "startRoad": "road_1171_1172", "type": "turn_right", "endRoad": "road_1172_1164"}], "roads": ["road_1172_1171", "road_1171_1172", "road_1172_1164", "road_1164_1172", "road_1172_20871", "road_20871_1172", "road_1172_764", "road_764_1172"], "virtual": false, "width": 24, "point": {"x": 131.160000000149, "y": -86.73324660211802}, "id": "inter_1172", "trafficLight": {"roadLinkIndices": [], "lightphases": [{"availableRoadLinks": [2, 5, 8, 11], "time": 5}, {"availableRoadLinks": [1, 2, 5, 7, 8, 11], "time": 5}, {"availableRoadLinks": [2, 4, 5, 8, 10, 11], "time": 5}, {"availableRoadLinks": [0, 2, 5, 6, 8, 11], "time": 5}, {"availableRoadLinks": [2, 3, 5, 8, 9, 11], "time": 5}, {"availableRoadLinks": [0, 1, 2, 5, 8, 11], "time": 5}, {"availableRoadLinks": [2, 3, 4, 5, 8, 11], "time": 5}, {"availableRoadLinks": [2, 5, 6, 7, 8, 11], "time": 5}, {"availableRoadLinks": [2, 5, 8, 9, 10, 11], "time": 5}]}}, {"roadLinks": [{"startRoad": "road_18756_1171", "laneLinks": [{"points": [], "startLaneIndex": 0, "endLaneIndex": 0}, {"points": [], "startLaneIndex": 0, "endLaneIndex": 1}, {"points": [], "startLaneIndex": 0, "endLaneIndex": 2}], "type": "turn_left", "endRoad": "road_1171_0"}, {"startRoad": "road_18756_1171", "laneLinks": [{"points": [], "startLaneIndex": 1, "endLaneIndex": 0}, {"points": [], "startLaneIndex": 1, "endLaneIndex": 1}, {"points": [], "startLaneIndex": 1, "endLaneIndex": 2}], "type": "go_straight", "endRoad": "road_1171_1172"}, {"startRoad": "road_18756_1171", "laneLinks": [{"points": [], "startLaneIndex": 2, "endLaneIndex": 0}, {"points": [], "startLaneIndex": 2, "endLaneIndex": 1}, {"points": [], "startLaneIndex": 2, "endLaneIndex": 2}], "type": "turn_right", "endRoad": "road_1171_18755"}, {"startRoad": "road_0_1171", "laneLinks": [{"points": [], "startLaneIndex": 0, "endLaneIndex": 0}, {"points": [], "startLaneIndex": 0, "endLaneIndex": 1}, {"points": [], "startLaneIndex": 0, "endLaneIndex": 2}], "type": "turn_left", "endRoad": "road_1171_1172"}, {"startRoad": "road_0_1171", "laneLinks": [{"points": [], "startLaneIndex": 1, "endLaneIndex": 0}, {"points": [], "startLaneIndex": 1, "endLaneIndex": 1}, {"points": [], "startLaneIndex": 1, "endLaneIndex": 2}], "type": "go_straight", "endRoad": "road_1171_18755"}, {"startRoad": "road_0_1171", "laneLinks": [{"points": [], "startLaneIndex": 2, "endLaneIndex": 0}, {"points": [], "startLaneIndex": 2, "endLaneIndex": 1}, {"points": [], "startLaneIndex": 2, "endLaneIndex": 2}], "type": "turn_right", "endRoad": "road_1171_18756"}, {"startRoad": "road_1172_1171", "laneLinks": [{"points": [], "startLaneIndex": 0, "endLaneIndex": 0}, {"points": [], "startLaneIndex": 0, "endLaneIndex": 1}, {"points": [], "startLaneIndex": 0, "endLaneIndex": 2}], "type": "turn_left", "endRoad": "road_1171_18755"}, {"startRoad": "road_1172_1171", "laneLinks": [{"points": [], "startLaneIndex": 1, "endLaneIndex": 0}, {"points": [], "startLaneIndex": 1, "endLaneIndex": 1}, {"points": [], "startLaneIndex": 1, "endLaneIndex": 2}], "type": "go_straight", "endRoad": "road_1171_18756"}, {"startRoad": "road_1172_1171", "laneLinks": [{"points": [], "startLaneIndex": 2, "endLaneIndex": 0}, {"points": [], "startLaneIndex": 2, "endLaneIndex": 1}, {"points": [], "startLaneIndex": 2, "endLaneIndex": 2}], "type": "turn_right", "endRoad": "road_1171_0"}, {"startRoad": "road_18755_1171", "laneLinks": [{"points": [], "startLaneIndex": 0, "endLaneIndex": 0}, {"points": [], "startLaneIndex": 0, "endLaneIndex": 1}, {"points": [], "startLaneIndex": 0, "endLaneIndex": 2}], "type": "turn_left", "endRoad": "road_1171_18756"}, {"startRoad": "road_18755_1171", "laneLinks": [{"points": [], "startLaneIndex": 1, "endLaneIndex": 0}, {"points": [], "startLaneIndex": 1, "endLaneIndex": 1}, {"points": [], "startLaneIndex": 1, "endLaneIndex": 2}], "type": "go_straight", "endRoad": "road_1171_0"}, {"startRoad": "road_18755_1171", "laneLinks": [{"points": [], "startLaneIndex": 2, "endLaneIndex": 0}, {"points": [], "startLaneIndex": 2, "endLaneIndex": 1}, {"points": [], "startLaneIndex": 2, "endLaneIndex": 2}], "type": "turn_right", "endRoad": "road_1171_1172"}], "roads": ["road_1171_18755", "road_18755_1171", "road_1171_1172", "road_1172_1171", "road_1171_0", "road_0_1171", "road_1171_18756", "road_18756_1171"], "virtual": false, "width": 24, "point": {"x": -95.27520000003278, "y": -738.0270397514105}, "id": "inter_1171", "trafficLight": {"roadLinkIndices": [], "lightphases": [{"availableRoadLinks": [2, 5, 8, 11], "time": 5}, {"availableRoadLinks": [1, 2, 5, 7, 8, 11], "time": 5}, {"availableRoadLinks": [2, 4, 5, 8, 10, 11], "time": 5}, {"availableRoadLinks": [0, 2, 5, 6, 8, 11], "time": 5}, {"availableRoadLinks": [2, 3, 5, 8, 9, 11], "time": 5}, {"availableRoadLinks": [0, 1, 2, 5, 8, 11], "time": 5}, {"availableRoadLinks": [2, 3, 4, 5, 8, 11], "time": 5}, {"availableRoadLinks": [2, 5, 6, 7, 8, 11], "time": 5}, {"availableRoadLinks": [2, 5, 8, 9, 10, 11], "time": 5}]}}, {"roadLinks": [{"laneLinks": [{"startLaneIndex": 0, "points": [], "endLaneIndex": 0}, {"startLaneIndex": 0, "points": [], "endLaneIndex": 1}, {"startLaneIndex": 0, "points": [], "endLaneIndex": 2}, {"startLaneIndex": 0, "points": [], "endLaneIndex": 3}, {"startLaneIndex": 0, "points": [], "endLaneIndex": 4}], "startRoad": "road_15059_764", "type": "turn_left", "endRoad": "road_764_20870"}, {"laneLinks": [{"startLaneIndex": 1, "points": [], "endLaneIndex": 0}, {"startLaneIndex": 1, "points": [], "endLaneIndex": 1}, {"startLaneIndex": 1, "points": [], "endLaneIndex": 2}], "startRoad": "road_15059_764", "type": "go_straight", "endRoad": "road_764_1172"}, {"laneLinks": [{"startLaneIndex": 2, "points": [], "endLaneIndex": 0}, {"startLaneIndex": 2, "points": [], "endLaneIndex": 1}, {"startLaneIndex": 2, "points": [], "endLaneIndex": 2}, {"startLaneIndex": 2, "points": [], "endLaneIndex": 3}, {"startLaneIndex": 2, "points": [], "endLaneIndex": 4}], "startRoad": "road_15059_764", "type": "turn_right", "endRoad": "road_764_18756"}, {"laneLinks": [{"startLaneIndex": 0, "points": [], "endLaneIndex": 0}, {"startLaneIndex": 0, "points": [], "endLaneIndex": 1}, {"startLaneIndex": 0, "points": [], "endLaneIndex": 2}], "startRoad": "road_20870_764", "type": "turn_left", "endRoad": "road_764_1172"}, {"laneLinks": [{"startLaneIndex": 1, "points": [], "endLaneIndex": 0}, {"startLaneIndex": 1, "points": [], "endLaneIndex": 1}, {"startLaneIndex": 1, "points": [], "endLaneIndex": 2}, {"startLaneIndex": 1, "points": [], "endLaneIndex": 3}, {"startLaneIndex": 1, "points": [], "endLaneIndex": 4}, {"startLaneIndex": 2, "points": [], "endLaneIndex": 0}, {"startLaneIndex": 2, "points": [], "endLaneIndex": 1}, {"startLaneIndex": 2, "points": [], "endLaneIndex": 2}, {"startLaneIndex": 2, "points": [], "endLaneIndex": 3}, {"startLaneIndex": 2, "points": [], "endLaneIndex": 4}, {"startLaneIndex": 3, "points": [], "endLaneIndex": 0}, {"startLaneIndex": 3, "points": [], "endLaneIndex": 1}, {"startLaneIndex": 3, "points": [], "endLaneIndex": 2}, {"startLaneIndex": 3, "points": [], "endLaneIndex": 3}, {"startLaneIndex": 3, "points": [], "endLaneIndex": 4}], "startRoad": "road_20870_764", "type": "go_straight", "endRoad": "road_764_18756"}, {"laneLinks": [{"startLaneIndex": 4, "points": [], "endLaneIndex": 0}, {"startLaneIndex": 4, "points": [], "endLaneIndex": 1}, {"startLaneIndex": 4, "points": [], "endLaneIndex": 2}], "startRoad": "road_20870_764", "type": "turn_right", "endRoad": "road_764_15059"}, {"laneLinks": [{"startLaneIndex": 0, "points": [], "endLaneIndex": 0}, {"startLaneIndex": 0, "points": [], "endLaneIndex": 1}, {"startLaneIndex": 0, "points": [], "endLaneIndex": 2}, {"startLaneIndex": 0, "points": [], "endLaneIndex": 3}, {"startLaneIndex": 0, "points": [], "endLaneIndex": 4}], "startRoad": "road_1172_764", "type": "turn_left", "endRoad": "road_764_18756"}, {"laneLinks": [{"startLaneIndex": 1, "points": [], "endLaneIndex": 0}, {"startLaneIndex": 1, "points": [], "endLaneIndex": 1}, {"startLaneIndex": 1, "points": [], "endLaneIndex": 2}], "startRoad": "road_1172_764", "type": "go_straight", "endRoad": "road_764_15059"}, {"laneLinks": [{"startLaneIndex": 2, "points": [], "endLaneIndex": 0}, {"startLaneIndex": 2, "points": [], "endLaneIndex": 1}, {"startLaneIndex": 2, "points": [], "endLaneIndex": 2}, {"startLaneIndex": 2, "points": [], "endLaneIndex": 3}, {"startLaneIndex": 2, "points": [], "endLaneIndex": 4}], "startRoad": "road_1172_764", "type": "turn_right", "endRoad": "road_764_20870"}, {"laneLinks": [{"startLaneIndex": 0, "points": [], "endLaneIndex": 0}, {"startLaneIndex": 0, "points": [], "endLaneIndex": 1}, {"startLaneIndex": 0, "points": [], "endLaneIndex": 2}], "startRoad": "road_18756_764", "type": "turn_left", "endRoad": "road_764_15059"}, {"laneLinks": [{"startLaneIndex": 1, "points": [], "endLaneIndex": 0}, {"startLaneIndex": 1, "points": [], "endLaneIndex": 1}, {"startLaneIndex": 1, "points": [], "endLaneIndex": 2}, {"startLaneIndex": 1, "points": [], "endLaneIndex": 3}, {"startLaneIndex": 1, "points": [], "endLaneIndex": 4}, {"startLaneIndex": 2, "points": [], "endLaneIndex": 0}, {"startLaneIndex": 2, "points": [], "endLaneIndex": 1}, {"startLaneIndex": 2, "points": [], "endLaneIndex": 2}, {"startLaneIndex": 2, "points": [], "endLaneIndex": 3}, {"startLaneIndex": 2, "points": [], "endLaneIndex": 4}, {"startLaneIndex": 3, "points": [], "endLaneIndex": 0}, {"startLaneIndex": 3, "points": [], "endLaneIndex": 1}, {"startLaneIndex": 3, "points": [], "endLaneIndex": 2}, {"startLaneIndex": 3, "points": [], "endLaneIndex": 3}, {"startLaneIndex": 3, "points": [], "endLaneIndex": 4}], "startRoad": "road_18756_764", "type": "go_straight", "endRoad": "road_764_20870"}, {"laneLinks": [{"startLaneIndex": 4, "points": [], "endLaneIndex": 0}, {"startLaneIndex": 4, "points": [], "endLaneIndex": 1}, {"startLaneIndex": 4, "points": [], "endLaneIndex": 2}], "startRoad": "road_18756_764", "type": "turn_right", "endRoad": "road_764_1172"}], "roads": ["road_764_18756", "road_18756_764", "road_764_1172", "road_1172_764", "road_764_20870", "road_20870_764", "road_764_15059", "road_15059_764"], "virtual": false, "width": 40, "point": {"x": 0.0, "y": 0.0}, "id": "inter_764", "trafficLight": {"roadLinkIndices": [], "lightphases": [{"availableRoadLinks": [2, 5, 8, 11], "time": 5}, {"availableRoadLinks": [1, 2, 5, 7, 8, 11], "time": 5}, {"availableRoadLinks": [2, 4, 5, 8, 10, 11], "time": 5}, {"availableRoadLinks": [0, 2, 5, 6, 8, 11], "time": 5}, {"availableRoadLinks": [2, 3, 5, 8, 9, 11], "time": 5}, {"availableRoadLinks": [0, 1, 2, 5, 8, 11], "time": 5}, {"availableRoadLinks": [2, 3, 4, 5, 8, 11], "time": 5}, {"availableRoadLinks": [2, 5, 6, 7, 8, 11], "time": 5}, {"availableRoadLinks": [2, 5, 8, 9, 10, 11], "time": 5}]}}, {"roadLinks": [{"laneLinks": [{"startLaneIndex": 0, "points": [], "endLaneIndex": 0}, {"startLaneIndex": 0, "points": [], "endLaneIndex": 1}, {"startLaneIndex": 0, "points": [], "endLaneIndex": 2}], "startRoad": "road_766_767", "type": "turn_left", "endRoad": "road_767_15058"}, {"laneLinks": [{"startLaneIndex": 1, "points": [], "endLaneIndex": 0}, {"startLaneIndex": 1, "points": [], "endLaneIndex": 1}, {"startLaneIndex": 1, "points": [], "endLaneIndex": 2}], "startRoad": "road_766_767", "type": "go_straight", "endRoad": "road_767_20870"}, {"laneLinks": [{"startLaneIndex": 2, "points": [], "endLaneIndex": 0}, {"startLaneIndex": 2, "points": [], "endLaneIndex": 1}, {"startLaneIndex": 2, "points": [], "endLaneIndex": 2}], "startRoad": "road_766_767", "type": "turn_right", "endRoad": "road_767_15059"}, {"laneLinks": [{"startLaneIndex": 0, "points": [], "endLaneIndex": 0}, {"startLaneIndex": 0, "points": [], "endLaneIndex": 1}, {"startLaneIndex": 0, "points": [], "endLaneIndex": 2}], "startRoad": "road_15058_767", "type": "turn_left", "endRoad": "road_767_20870"}, {"laneLinks": [{"startLaneIndex": 1, "points": [], "endLaneIndex": 0}, {"startLaneIndex": 1, "points": [], "endLaneIndex": 1}, {"startLaneIndex": 1, "points": [], "endLaneIndex": 2}], "startRoad": "road_15058_767", "type": "go_straight", "endRoad": "road_767_15059"}, {"laneLinks": [{"startLaneIndex": 2, "points": [], "endLaneIndex": 0}, {"startLaneIndex": 2, "points": [], "endLaneIndex": 1}, {"startLaneIndex": 2, "points": [], "endLaneIndex": 2}], "startRoad": "road_15058_767", "type": "turn_right", "endRoad": "road_767_766"}, {"laneLinks": [{"startLaneIndex": 0, "points": [], "endLaneIndex": 0}, {"startLaneIndex": 0, "points": [], "endLaneIndex": 1}, {"startLaneIndex": 0, "points": [], "endLaneIndex": 2}], "startRoad": "road_20870_767", "type": "turn_left", "endRoad": "road_767_15059"}, {"laneLinks": [{"startLaneIndex": 1, "points": [], "endLaneIndex": 0}, {"startLaneIndex": 1, "points": [], "endLaneIndex": 1}, {"startLaneIndex": 1, "points": [], "endLaneIndex": 2}], "startRoad": "road_20870_767", "type": "go_straight", "endRoad": "road_767_766"}, {"laneLinks": [{"startLaneIndex": 2, "points": [], "endLaneIndex": 0}, {"startLaneIndex": 2, "points": [], "endLaneIndex": 1}, {"startLaneIndex": 2, "points": [], "endLaneIndex": 2}], "startRoad": "road_20870_767", "type": "turn_right", "endRoad": "road_767_15058"}, {"laneLinks": [{"startLaneIndex": 0, "points": [], "endLaneIndex": 0}, {"startLaneIndex": 0, "points": [], "endLaneIndex": 1}, {"startLaneIndex": 0, "points": [], "endLaneIndex": 2}], "startRoad": "road_15059_767", "type": "turn_left", "endRoad": "road_767_766"}, {"laneLinks": [{"startLaneIndex": 1, "points": [], "endLaneIndex": 0}, {"startLaneIndex": 1, "points": [], "endLaneIndex": 1}, {"startLaneIndex": 1, "points": [], "endLaneIndex": 2}], "startRoad": "road_15059_767", "type": "go_straight", "endRoad": "road_767_15058"}, {"laneLinks": [{"startLaneIndex": 2, "points": [], "endLaneIndex": 0}, {"startLaneIndex": 2, "points": [], "endLaneIndex": 1}, {"startLaneIndex": 2, "points": [], "endLaneIndex": 2}], "startRoad": "road_15059_767", "type": "turn_right", "endRoad": "road_767_20870"}], "roads": ["road_767_15059", "road_15059_767", "road_767_20870", "road_20870_767", "road_767_15058", "road_15058_767", "road_767_766", "road_766_767"], "virtual": false, "width": 24, "point": {"x": -102.47200000006706, "y": 566.8160998485982}, "id": "inter_767", "trafficLight": {"roadLinkIndices": [], "lightphases": [{"availableRoadLinks": [2, 5, 8, 11], "time": 5}, {"availableRoadLinks": [1, 2, 5, 7, 8, 11], "time": 5}, {"availableRoadLinks": [2, 4, 5, 8, 10, 11], "time": 5}, {"availableRoadLinks": [0, 2, 5, 6, 8, 11], "time": 5}, {"availableRoadLinks": [2, 3, 5, 8, 9, 11], "time": 5}, {"availableRoadLinks": [0, 1, 2, 5, 8, 11], "time": 5}, {"availableRoadLinks": [2, 3, 4, 5, 8, 11], "time": 5}, {"availableRoadLinks": [2, 5, 6, 7, 8, 11], "time": 5}, {"availableRoadLinks": [2, 5, 8, 9, 10, 11], "time": 5}]}}, {"roadLinks": [], "roads": ["road_1171_0", "road_0_1171"], "virtual": true, "width": 0, "point": {"x": -125.27520000003278, "y": -838.0270397514105}, "id": "inter_0", "trafficLight": {"roadLinkIndices": [], "lightphases": []}}]}